{
  "Get Report Sao ke" : {
    "transaction" : "Get Report Sao ke",
    "sampleCount" : 55,
    "errorCount" : 0,
    "errorPct" : 0.0,
    "meanResTime" : 201.05454545454546,
    "medianResTime" : 201.0,
    "minResTime" : 93.0,
    "maxResTime" : 411.0,
    "pct1ResTime" : 304.4,
    "pct2ResTime" : 331.7999999999996,
    "pct3ResTime" : 411.0,
    "throughput" : 0.3370077389231684,
    "receivedKBytesPerSec" : 0.1662001056212891,
    "sentKBytesPerSec" : 0.23695856643035276
  },
  "Inquiry Napas" : {
    "transaction" : "Inquiry Napas",
    "sampleCount" : 55,
    "errorCount" : 55,
    "errorPct" : 100.0,
    "meanResTime" : 115.96363636363637,
    "medianResTime" : 103.0,
    "minResTime" : 85.0,
    "maxResTime" : 303.0,
    "pct1ResTime" : 202.4,
    "pct2ResTime" : 211.5999999999999,
    "pct3ResTime" : 303.0,
    "throughput" : 0.33949988580458385,
    "receivedKBytesPerSec" : 1.0168419431275966,
    "sentKBytesPerSec" : 0.0
  },
  "11. Withdrawal Deposit v1.0" : {
    "transaction" : "11. Withdrawal Deposit v1.0",
    "sampleCount" : 55,
    "errorCount" : 0,
    "errorPct" : 0.0,
    "meanResTime" : 149.90909090909096,
    "medianResTime" : 105.0,
    "minResTime" : 84.0,
    "maxResTime" : 430.0,
    "pct1ResTime" : 207.0,
    "pct2ResTime" : 214.79999999999995,
    "pct3ResTime" : 430.0,
    "throughput" : 0.33932603679528156,
    "receivedKBytesPerSec" : 0.16442129872413408,
    "sentKBytesPerSec" : 0.2681711984687141
  },
  "6. Passbook TideBooking STK gui gop" : {
    "transaction" : "6. Passbook TideBooking STK gui gop",
    "sampleCount" : 55,
    "errorCount" : 0,
    "errorPct" : 0.0,
    "meanResTime" : 239.0181818181818,
    "medianResTime" : 205.0,
    "minResTime" : 79.0,
    "maxResTime" : 604.0,
    "pct1ResTime" : 434.7999999999999,
    "pct2ResTime" : 531.5999999999997,
    "pct3ResTime" : 604.0,
    "throughput" : 0.3368323065051505,
    "receivedKBytesPerSec" : 0.16772837421763043,
    "sentKBytesPerSec" : 0.4272902013185454
  },
  "Get Card List" : {
    "transaction" : "Get Card List",
    "sampleCount" : 60,
    "errorCount" : 0,
    "errorPct" : 0.0,
    "meanResTime" : 850.6500000000001,
    "medianResTime" : 820.0,
    "minResTime" : 618.0,
    "maxResTime" : 1028.0,
    "pct1ResTime" : 1001.6999999999998,
    "pct2ResTime" : 1021.95,
    "pct3ResTime" : 1028.0,
    "throughput" : 0.334455617739526,
    "receivedKBytesPerSec" : 0.8428455762670294,
    "sentKBytesPerSec" : 0.22079296639835896
  },
  "Get History" : {
    "transaction" : "Get History",
    "sampleCount" : 55,
    "errorCount" : 0,
    "errorPct" : 0.0,
    "meanResTime" : 620.8363636363636,
    "medianResTime" : 514.0,
    "minResTime" : 395.0,
    "maxResTime" : 1331.0,
    "pct1ResTime" : 965.5999999999999,
    "pct2ResTime" : 1046.9999999999995,
    "pct3ResTime" : 1331.0,
    "throughput" : 0.33634412284510434,
    "receivedKBytesPerSec" : 0.1464936316298013,
    "sentKBytesPerSec" : 0.30776801084556915
  },
  "Get Cashback Info" : {
    "transaction" : "Get Cashback Info",
    "sampleCount" : 58,
    "errorCount" : 0,
    "errorPct" : 0.0,
    "meanResTime" : 456.8620689655173,
    "medianResTime" : 510.5,
    "minResTime" : 52.0,
    "maxResTime" : 833.0,
    "pct1ResTime" : 752.5,
    "pct2ResTime" : 818.2,
    "pct3ResTime" : 833.0,
    "throughput" : 0.3285783886062611,
    "receivedKBytesPerSec" : 0.14391348368155088,
    "sentKBytesPerSec" : 0.23359869814976375
  },
  "4. Get Tide rate" : {
    "transaction" : "4. Get Tide rate",
    "sampleCount" : 55,
    "errorCount" : 0,
    "errorPct" : 0.0,
    "meanResTime" : 333.2909090909091,
    "medianResTime" : 308.0,
    "minResTime" : 205.0,
    "maxResTime" : 516.0,
    "pct1ResTime" : 409.0,
    "pct2ResTime" : 510.4,
    "pct3ResTime" : 516.0,
    "throughput" : 0.33671270447644236,
    "receivedKBytesPerSec" : 0.7977197471287589,
    "sentKBytesPerSec" : 0.22294063831545696
  },
  "Financial Posting" : {
    "transaction" : "Financial Posting",
    "sampleCount" : 55,
    "errorCount" : 0,
    "errorPct" : 0.0,
    "meanResTime" : 194.69090909090914,
    "medianResTime" : 201.0,
    "minResTime" : 76.0,
    "maxResTime" : 466.0,
    "pct1ResTime" : 311.4,
    "pct2ResTime" : 386.19999999999993,
    "pct3ResTime" : 466.0,
    "throughput" : 0.3402202152666089,
    "receivedKBytesPerSec" : 0.16959663607262154,
    "sentKBytesPerSec" : 0.5840890023815415
  },
  "5. GetPosByEmp" : {
    "transaction" : "5. GetPosByEmp",
    "sampleCount" : 55,
    "errorCount" : 0,
    "errorPct" : 0.0,
    "meanResTime" : 238.16363636363633,
    "medianResTime" : 205.0,
    "minResTime" : 101.0,
    "maxResTime" : 410.0,
    "pct1ResTime" : 391.99999999999994,
    "pct2ResTime" : 409.0,
    "pct3ResTime" : 410.0,
    "throughput" : 0.33695818655230514,
    "receivedKBytesPerSec" : 0.19513301232960636,
    "sentKBytesPerSec" : 0.20335953055598102
  },
  "3. Get Exchange Rate" : {
    "transaction" : "3. Get Exchange Rate",
    "sampleCount" : 55,
    "errorCount" : 0,
    "errorPct" : 0.0,
    "meanResTime" : 408.109090909091,
    "medianResTime" : 408.0,
    "minResTime" : 293.0,
    "maxResTime" : 614.0,
    "pct1ResTime" : 517.6,
    "pct2ResTime" : 613.2,
    "pct3ResTime" : 614.0,
    "throughput" : 0.33654375680736237,
    "receivedKBytesPerSec" : 0.33950166091992706,
    "sentKBytesPerSec" : 0.19916554357935704
  },
  "8. Open passbook (STK rut goc)" : {
    "transaction" : "8. Open passbook (STK rut goc)",
    "sampleCount" : 55,
    "errorCount" : 0,
    "errorPct" : 0.0,
    "meanResTime" : 182.03636363636366,
    "medianResTime" : 200.0,
    "minResTime" : 81.0,
    "maxResTime" : 511.0,
    "pct1ResTime" : 277.5999999999998,
    "pct2ResTime" : 433.39999999999964,
    "pct3ResTime" : 511.0,
    "throughput" : 0.33762837551641794,
    "receivedKBytesPerSec" : 0.14426539163356886,
    "sentKBytesPerSec" : 0.38477765061294894
  },
  "12. ClosePassbook" : {
    "transaction" : "12. ClosePassbook",
    "sampleCount" : 55,
    "errorCount" : 0,
    "errorPct" : 0.0,
    "meanResTime" : 214.9454545454545,
    "medianResTime" : 193.0,
    "minResTime" : 79.0,
    "maxResTime" : 901.0,
    "pct1ResTime" : 560.9999999999999,
    "pct2ResTime" : 822.1999999999996,
    "pct3ResTime" : 901.0,
    "throughput" : 0.3395397076254445,
    "receivedKBytesPerSec" : 0.1690765465262001,
    "sentKBytesPerSec" : 0.2869086414398953
  },
  "Active Card" : {
    "transaction" : "Active Card",
    "sampleCount" : 58,
    "errorCount" : 0,
    "errorPct" : 0.0,
    "meanResTime" : 954.5172413793101,
    "medianResTime" : 923.5,
    "minResTime" : 712.0,
    "maxResTime" : 1333.0,
    "pct1ResTime" : 1129.2,
    "pct2ResTime" : 1150.0999999999997,
    "pct3ResTime" : 1333.0,
    "throughput" : 0.3281545268351193,
    "receivedKBytesPerSec" : 0.1602317025562106,
    "sentKBytesPerSec" : 0.25316609003881274
  },
  "Get Report - Detail" : {
    "transaction" : "Get Report - Detail",
    "sampleCount" : 55,
    "errorCount" : 0,
    "errorPct" : 0.0,
    "meanResTime" : 155.03636363636363,
    "medianResTime" : 185.0,
    "minResTime" : 76.0,
    "maxResTime" : 305.0,
    "pct1ResTime" : 208.0,
    "pct2ResTime" : 213.99999999999997,
    "pct3ResTime" : 305.0,
    "throughput" : 0.33744194464725047,
    "receivedKBytesPerSec" : 0.16970957177083396,
    "sentKBytesPerSec" : 0.2313322706468455
  },
  "Get Card Info" : {
    "transaction" : "Get Card Info",
    "sampleCount" : 59,
    "errorCount" : 0,
    "errorPct" : 0.0,
    "meanResTime" : 971.2711864406779,
    "medianResTime" : 922.0,
    "minResTime" : 802.0,
    "maxResTime" : 1437.0,
    "pct1ResTime" : 1130.0,
    "pct2ResTime" : 1148.0,
    "pct3ResTime" : 1437.0,
    "throughput" : 0.3301733689995187,
    "receivedKBytesPerSec" : 0.47107743369950866,
    "sentKBytesPerSec" : 0.2424710678590216
  },
  "Change cashback method" : {
    "transaction" : "Change cashback method",
    "sampleCount" : 58,
    "errorCount" : 0,
    "errorPct" : 0.0,